<?xml version="1.0"?>
<Runs Version="1" Minor="0">
	<Run Id="design_1_auto_ds_0_synth_1" LaunchDir="C:/Users/NYorr/Downloads/project_1/project_1/project_1.runs/design_1_auto_ds_0_synth_1" FlowId="Vivado_Synthesis" FromStepId="vivado" ToStepId="vivado"/>
	<Run Id="design_1_auto_pc_0_synth_1" LaunchDir="C:/Users/NYorr/Downloads/project_1/project_1/project_1.runs/design_1_auto_pc_0_synth_1" FlowId="Vivado_Synthesis" FromStepId="vivado" ToStepId="vivado"/>
	<Run Id="design_1_axi_gpio_0_0_synth_1" LaunchDir="C:/Users/NYorr/Downloads/project_1/project_1/project_1.runs/design_1_axi_gpio_0_0_synth_1" FlowId="Vivado_Synthesis" FromStepId="vivado" ToStepId="vivado"/>
	<Run Id="design_1_axi_gpio_0_1_synth_1" LaunchDir="C:/Users/NYorr/Downloads/project_1/project_1/project_1.runs/design_1_axi_gpio_0_1_synth_1" FlowId="Vivado_Synthesis" FromStepId="vivado" ToStepId="vivado"/>
	<Run Id="design_1_axi_gpio_0_2_synth_1" LaunchDir="C:/Users/NYorr/Downloads/project_1/project_1/project_1.runs/design_1_axi_gpio_0_2_synth_1" FlowId="Vivado_Synthesis" FromStepId="vivado" ToStepId="vivado" IsOrderedIPRun="true">
		<Parent Id="design_1_axi_gpio_0_1_synth_1"/>
	</Run>
	<Run Id="design_1_axi_gpio_10_0_synth_1" LaunchDir="C:/Users/NYorr/Downloads/project_1/project_1/project_1.runs/design_1_axi_gpio_10_0_synth_1" FlowId="Vivado_Synthesis" FromStepId="vivado" ToStepId="vivado"/>
	<Run Id="design_1_axi_gpio_4_0_synth_1" LaunchDir="C:/Users/NYorr/Downloads/project_1/project_1/project_1.runs/design_1_axi_gpio_4_0_synth_1" FlowId="Vivado_Synthesis" FromStepId="vivado" ToStepId="vivado" IsOrderedIPRun="true">
		<Parent Id="design_1_axi_gpio_10_0_synth_1"/>
	</Run>
	<Run Id="design_1_axi_gpio_4_1_synth_1" LaunchDir="C:/Users/NYorr/Downloads/project_1/project_1/project_1.runs/design_1_axi_gpio_4_1_synth_1" FlowId="Vivado_Synthesis" FromStepId="vivado" ToStepId="vivado" IsOrderedIPRun="true">
		<Parent Id="design_1_axi_gpio_10_0_synth_1"/>
	</Run>
	<Run Id="design_1_axi_gpio_4_2_synth_1" LaunchDir="C:/Users/NYorr/Downloads/project_1/project_1/project_1.runs/design_1_axi_gpio_4_2_synth_1" FlowId="Vivado_Synthesis" FromStepId="vivado" ToStepId="vivado" IsOrderedIPRun="true">
		<Parent Id="design_1_axi_gpio_10_0_synth_1"/>
	</Run>
	<Run Id="design_1_axi_gpio_8_0_synth_1" LaunchDir="C:/Users/NYorr/Downloads/project_1/project_1/project_1.runs/design_1_axi_gpio_8_0_synth_1" FlowId="Vivado_Synthesis" FromStepId="vivado" ToStepId="vivado"/>
	<Run Id="design_1_axi_gpio_9_0_synth_1" LaunchDir="C:/Users/NYorr/Downloads/project_1/project_1/project_1.runs/design_1_axi_gpio_9_0_synth_1" FlowId="Vivado_Synthesis" FromStepId="vivado" ToStepId="vivado"/>
	<Run Id="design_1_axi_iic_0_0_synth_1" LaunchDir="C:/Users/NYorr/Downloads/project_1/project_1/project_1.runs/design_1_axi_iic_0_0_synth_1" FlowId="Vivado_Synthesis" FromStepId="vivado" ToStepId="vivado"/>
	<Run Id="design_1_axi_quad_spi_0_0_synth_1" LaunchDir="C:/Users/NYorr/Downloads/project_1/project_1/project_1.runs/design_1_axi_quad_spi_0_0_synth_1" FlowId="Vivado_Synthesis" FromStepId="vivado" ToStepId="vivado"/>
	<Run Id="design_1_axi_quad_spi_0_1_synth_1" LaunchDir="C:/Users/NYorr/Downloads/project_1/project_1/project_1.runs/design_1_axi_quad_spi_0_1_synth_1" FlowId="Vivado_Synthesis" FromStepId="vivado" ToStepId="vivado"/>
	<Run Id="design_1_clk_wiz_0_0_synth_1" LaunchDir="C:/Users/NYorr/Downloads/project_1/project_1/project_1.runs/design_1_clk_wiz_0_0_synth_1" FlowId="Vivado_Synthesis" FromStepId="vivado" ToStepId="vivado"/>
	<Run Id="design_1_proc_sys_reset_0_0_synth_1" LaunchDir="C:/Users/NYorr/Downloads/project_1/project_1/project_1.runs/design_1_proc_sys_reset_0_0_synth_1" FlowId="Vivado_Synthesis" FromStepId="vivado" ToStepId="vivado"/>
	<Run Id="design_1_util_ds_buf_0_0_synth_1" LaunchDir="C:/Users/NYorr/Downloads/project_1/project_1/project_1.runs/design_1_util_ds_buf_0_0_synth_1" FlowId="Vivado_Synthesis" FromStepId="vivado" ToStepId="vivado"/>
	<Run Id="design_1_util_ds_buf_0_1_synth_1" LaunchDir="C:/Users/NYorr/Downloads/project_1/project_1/project_1.runs/design_1_util_ds_buf_0_1_synth_1" FlowId="Vivado_Synthesis" FromStepId="vivado" ToStepId="vivado"/>
	<Run Id="design_1_util_ds_buf_10_0_synth_1" LaunchDir="C:/Users/NYorr/Downloads/project_1/project_1/project_1.runs/design_1_util_ds_buf_10_0_synth_1" FlowId="Vivado_Synthesis" FromStepId="vivado" ToStepId="vivado"/>
	<Run Id="design_1_util_ds_buf_10_1_synth_1" LaunchDir="C:/Users/NYorr/Downloads/project_1/project_1/project_1.runs/design_1_util_ds_buf_10_1_synth_1" FlowId="Vivado_Synthesis" FromStepId="vivado" ToStepId="vivado"/>
	<Run Id="design_1_util_ds_buf_11_0_synth_1" LaunchDir="C:/Users/NYorr/Downloads/project_1/project_1/project_1.runs/design_1_util_ds_buf_11_0_synth_1" FlowId="Vivado_Synthesis" FromStepId="vivado" ToStepId="vivado" IsOrderedIPRun="true">
		<Parent Id="design_1_util_ds_buf_10_1_synth_1"/>
	</Run>
	<Run Id="design_1_util_ds_buf_12_0_synth_1" LaunchDir="C:/Users/NYorr/Downloads/project_1/project_1/project_1.runs/design_1_util_ds_buf_12_0_synth_1" FlowId="Vivado_Synthesis" FromStepId="vivado" ToStepId="vivado" IsOrderedIPRun="true">
		<Parent Id="design_1_util_ds_buf_10_0_synth_1"/>
	</Run>
	<Run Id="design_1_util_ds_buf_14_0_synth_1" LaunchDir="C:/Users/NYorr/Downloads/project_1/project_1/project_1.runs/design_1_util_ds_buf_14_0_synth_1" FlowId="Vivado_Synthesis" FromStepId="vivado" ToStepId="vivado"/>
	<Run Id="design_1_util_ds_buf_14_1_synth_1" LaunchDir="C:/Users/NYorr/Downloads/project_1/project_1/project_1.runs/design_1_util_ds_buf_14_1_synth_1" FlowId="Vivado_Synthesis" FromStepId="vivado" ToStepId="vivado" IsOrderedIPRun="true">
		<Parent Id="design_1_util_ds_buf_10_1_synth_1"/>
	</Run>
	<Run Id="design_1_util_ds_buf_4_0_synth_1" LaunchDir="C:/Users/NYorr/Downloads/project_1/project_1/project_1.runs/design_1_util_ds_buf_4_0_synth_1" FlowId="Vivado_Synthesis" FromStepId="vivado" ToStepId="vivado" IsOrderedIPRun="true">
		<Parent Id="design_1_util_ds_buf_14_0_synth_1"/>
	</Run>
	<Run Id="design_1_util_ds_buf_4_1_synth_1" LaunchDir="C:/Users/NYorr/Downloads/project_1/project_1/project_1.runs/design_1_util_ds_buf_4_1_synth_1" FlowId="Vivado_Synthesis" FromStepId="vivado" ToStepId="vivado" IsOrderedIPRun="true">
		<Parent Id="design_1_util_ds_buf_14_0_synth_1"/>
	</Run>
	<Run Id="design_1_util_ds_buf_4_2_synth_1" LaunchDir="C:/Users/NYorr/Downloads/project_1/project_1/project_1.runs/design_1_util_ds_buf_4_2_synth_1" FlowId="Vivado_Synthesis" FromStepId="vivado" ToStepId="vivado" IsOrderedIPRun="true">
		<Parent Id="design_1_util_ds_buf_14_0_synth_1"/>
	</Run>
	<Run Id="design_1_util_ds_buf_6_0_synth_1" LaunchDir="C:/Users/NYorr/Downloads/project_1/project_1/project_1.runs/design_1_util_ds_buf_6_0_synth_1" FlowId="Vivado_Synthesis" FromStepId="vivado" ToStepId="vivado"/>
	<Run Id="design_1_util_ds_buf_7_0_synth_1" LaunchDir="C:/Users/NYorr/Downloads/project_1/project_1/project_1.runs/design_1_util_ds_buf_7_0_synth_1" FlowId="Vivado_Synthesis" FromStepId="vivado" ToStepId="vivado" IsOrderedIPRun="true">
		<Parent Id="design_1_util_ds_buf_10_1_synth_1"/>
	</Run>
	<Run Id="design_1_util_ds_buf_7_1_synth_1" LaunchDir="C:/Users/NYorr/Downloads/project_1/project_1/project_1.runs/design_1_util_ds_buf_7_1_synth_1" FlowId="Vivado_Synthesis" FromStepId="vivado" ToStepId="vivado" IsOrderedIPRun="true">
		<Parent Id="design_1_util_ds_buf_10_1_synth_1"/>
	</Run>
	<Run Id="design_1_util_ds_buf_7_2_synth_1" LaunchDir="C:/Users/NYorr/Downloads/project_1/project_1/project_1.runs/design_1_util_ds_buf_7_2_synth_1" FlowId="Vivado_Synthesis" FromStepId="vivado" ToStepId="vivado" IsOrderedIPRun="true">
		<Parent Id="design_1_util_ds_buf_10_1_synth_1"/>
	</Run>
	<Run Id="design_1_util_vector_logic_0_0_synth_1" LaunchDir="C:/Users/NYorr/Downloads/project_1/project_1/project_1.runs/design_1_util_vector_logic_0_0_synth_1" FlowId="Vivado_Synthesis" FromStepId="vivado" ToStepId="vivado"/>
	<Run Id="design_1_xbar_0_synth_1" LaunchDir="C:/Users/NYorr/Downloads/project_1/project_1/project_1.runs/design_1_xbar_0_synth_1" FlowId="Vivado_Synthesis" FromStepId="vivado" ToStepId="vivado"/>
	<Run Id="design_1_zynq_ultra_ps_e_0_0_synth_1" LaunchDir="C:/Users/NYorr/Downloads/project_1/project_1/project_1.runs/design_1_zynq_ultra_ps_e_0_0_synth_1" FlowId="Vivado_Synthesis" FromStepId="vivado" ToStepId="vivado"/>
	<Parameters>
		<Parameter Name="runs.monitorLSFJobs" Val="true" Type="bool"/>
		<Parameter Name="runs.enableClusterConf" Val="true" Type="bool"/>
	</Parameters>
</Runs>

