<?xml version="1.0" encoding="UTF-8"?>
<GenRun Id="impl_1" LaunchPart="xczu3eg-sfvc784-1-e" LaunchTime="1730736786">
  <File Type="ROUTE-PWR" Name="design_1_wrapper_power_routed.rpt"/>
  <File Type="PA-TCL" Name="design_1_wrapper.tcl"/>
  <File Type="ROUTE-PWR-SUM" Name="design_1_wrapper_power_summary_routed.pb"/>
  <File Type="REPORTS-TCL" Name="design_1_wrapper_reports.tcl"/>
  <File Type="OPT-RQA-PB" Name="design_1_wrapper_rqa_opted.pb"/>
  <File Type="BITSTR-MMI" Name="design_1_wrapper.mmi"/>
  <File Type="OPT-METHODOLOGY-DRC" Name="design_1_wrapper_methodology_drc_opted.rpt"/>
  <File Type="INIT-TIMING" Name="design_1_wrapper_timing_summary_init.rpt"/>
  <File Type="OPT-TIMING" Name="design_1_wrapper_timing_summary_opted.rpt"/>
  <File Type="OPT-DCP" Name="design_1_wrapper_opt.dcp"/>
  <File Type="OPT-DRC" Name="design_1_wrapper_drc_opted.rpt"/>
  <File Type="OPT-HWDEF" Name="design_1_wrapper.hwdef"/>
  <File Type="PWROPT-DCP" Name="design_1_wrapper_pwropt.dcp"/>
  <File Type="PWROPT-DRC" Name="design_1_wrapper_drc_pwropted.rpt"/>
  <File Type="PWROPT-TIMING" Name="design_1_wrapper_timing_summary_pwropted.rpt"/>
  <File Type="PLACE-DCP" Name="design_1_wrapper_placed.dcp"/>
  <File Type="PLACE-IO" Name="design_1_wrapper_io_placed.rpt"/>
  <File Type="PLACE-CLK" Name="design_1_wrapper_clock_utilization_placed.rpt"/>
  <File Type="PLACE-UTIL" Name="design_1_wrapper_utilization_placed.rpt"/>
  <File Type="PLACE-UTIL-PB" Name="design_1_wrapper_utilization_placed.pb"/>
  <File Type="PLACE-CTRL" Name="design_1_wrapper_control_sets_placed.rpt"/>
  <File Type="PLACE-SIMILARITY" Name="design_1_wrapper_incremental_reuse_placed.rpt"/>
  <File Type="PLACE-PRE-SIMILARITY" Name="design_1_wrapper_incremental_reuse_pre_placed.rpt"/>
  <File Type="BG-BIN" Name="design_1_wrapper.bin"/>
  <File Type="PLACE-TIMING" Name="design_1_wrapper_timing_summary_placed.rpt"/>
  <File Type="ROUTE-PWR-RPX" Name="design_1_wrapper_power_routed.rpx"/>
  <File Type="PLACE-RQA-PB" Name="design_1_wrapper_rqa_placed.pb"/>
  <File Type="POSTPLACE-PWROPT-DCP" Name="design_1_wrapper_postplace_pwropt.dcp"/>
  <File Type="BITSTR-MSK" Name="design_1_wrapper.msk"/>
  <File Type="POSTPLACE-PWROPT-TIMING" Name="design_1_wrapper_timing_summary_postplace_pwropted.rpt"/>
  <File Type="PHYSOPT-DCP" Name="design_1_wrapper_physopt.dcp"/>
  <File Type="PHYSOPT-DRC" Name="design_1_wrapper_drc_physopted.rpt"/>
  <File Type="BITSTR-RBT" Name="design_1_wrapper.rbt"/>
  <File Type="PHYSOPT-TIMING" Name="design_1_wrapper_timing_summary_physopted.rpt"/>
  <File Type="ROUTE-ERROR-DCP" Name="design_1_wrapper_routed_error.dcp"/>
  <File Type="ROUTE-DCP" Name="design_1_wrapper_routed.dcp"/>
  <File Type="ROUTE-BLACKBOX-DCP" Name="design_1_wrapper_routed_bb.dcp"/>
  <File Type="ROUTE-DRC" Name="design_1_wrapper_drc_routed.rpt"/>
  <File Type="ROUTE-DRC-PB" Name="design_1_wrapper_drc_routed.pb"/>
  <File Type="ROUTE-DRC-RPX" Name="design_1_wrapper_drc_routed.rpx"/>
  <File Type="ROUTE-METHODOLOGY-DRC" Name="design_1_wrapper_methodology_drc_routed.rpt"/>
  <File Type="ROUTE-METHODOLOGY-DRC-RPX" Name="design_1_wrapper_methodology_drc_routed.rpx"/>
  <File Type="ROUTE-METHODOLOGY-DRC-PB" Name="design_1_wrapper_methodology_drc_routed.pb"/>
  <File Type="ROUTE-RQS-PB" Name="design_1_wrapper_rqs_routed.pb"/>
  <File Type="ROUTE-STATUS" Name="design_1_wrapper_route_status.rpt"/>
  <File Type="ROUTE-STATUS-PB" Name="design_1_wrapper_route_status.pb"/>
  <File Type="ROUTE-TIMINGSUMMARY" Name="design_1_wrapper_timing_summary_routed.rpt"/>
  <File Type="ROUTE-TIMING-PB" Name="design_1_wrapper_timing_summary_routed.pb"/>
  <File Type="ROUTE-TIMING-RPX" Name="design_1_wrapper_timing_summary_routed.rpx"/>
  <File Type="ROUTE-SIMILARITY" Name="design_1_wrapper_incremental_reuse_routed.rpt"/>
  <File Type="ROUTE-CLK" Name="design_1_wrapper_clock_utilization_routed.rpt"/>
  <File Type="ROUTE-BUS-SKEW" Name="design_1_wrapper_bus_skew_routed.rpt"/>
  <File Type="ROUTE-BUS-SKEW-PB" Name="design_1_wrapper_bus_skew_routed.pb"/>
  <File Type="ROUTE-BUS-SKEW-RPX" Name="design_1_wrapper_bus_skew_routed.rpx"/>
  <File Type="POSTROUTE-PHYSOPT-DCP" Name="design_1_wrapper_postroute_physopt.dcp"/>
  <File Type="POSTROUTE-PHYSOPT-BLACKBOX-DCP" Name="design_1_wrapper_postroute_physopt_bb.dcp"/>
  <File Type="POSTROUTE-PHYSOPT-TIMING" Name="design_1_wrapper_timing_summary_postroute_physopted.rpt"/>
  <File Type="POSTROUTE-PHYSOPT-TIMING-PB" Name="design_1_wrapper_timing_summary_postroute_physopted.pb"/>
  <File Type="POSTROUTE-PHYSOPT-TIMING-RPX" Name="design_1_wrapper_timing_summary_postroute_physopted.rpx"/>
  <File Type="POSTROUTE-PHYSOPT-BUS-SKEW" Name="design_1_wrapper_bus_skew_postroute_physopted.rpt"/>
  <File Type="BG-BIT" Name="design_1_wrapper.bit"/>
  <File Type="POSTROUTE-PHYSOPT-BUS-SKEW-PB" Name="design_1_wrapper_bus_skew_postroute_physopted.pb"/>
  <File Type="POSTROUTE-PHYSOPT-BUS-SKEW-RPX" Name="design_1_wrapper_bus_skew_postroute_physopted.rpx"/>
  <File Type="BITSTR-NKY" Name="design_1_wrapper.nky"/>
  <File Type="BITSTR-BMM" Name="design_1_wrapper_bd.bmm"/>
  <File Type="PDI-FILE" Name="design_1_wrapper.pdi"/>
  <File Type="BOOT-PDI-FILE" Name="design_1_wrapper_soc.pdi"/>
  <File Type="PL-PDI-FILE" Name="design_1_wrapper_pld.pdi"/>
  <File Type="RCFI_FILE" Name="design_1_wrapper.rcfi"/>
  <File Type="CFI_FILE" Name="design_1_wrapper.cfi"/>
  <File Type="RNPI_FILE" Name="design_1_wrapper.rnpi"/>
  <File Type="NPI_FILE" Name="design_1_wrapper.npi"/>
  <File Type="RBD_FILE" Name="design_1_wrapper.rbd"/>
  <File Type="BITSTR-LTX" Name="debug_nets.ltx"/>
  <File Type="BITSTR-LTX" Name="design_1_wrapper.ltx"/>
  <File Type="BITSTR-SYSDEF" Name="design_1_wrapper.sysdef"/>
  <File Type="BG-BGN" Name="design_1_wrapper.bgn"/>
  <File Type="BG-DRC" Name="design_1_wrapper.drc"/>
  <File Type="RDI-RDI" Name="design_1_wrapper.vdi"/>
  <File Type="WBT-USG" Name="usage_statistics_webtalk.html"/>
  <File Type="ROUTE-RQS" Name="design_1_wrapper_routed.rqs"/>
  <File Type="POSTROUTE-PHYSOPT-RQS" Name="design_1_wrapper_postroute_physopted.rqs"/>
  <File Type="ROUTE-RQS-RPT" Name="route_report_qor_suggestions_0.rpt"/>
  <File Type="POSTROUTE-PHYSOPT-RQS-RPT" Name="postroute_physopt_report_qor_suggestions_0.rpt"/>
  <FileSet Name="sources" Type="DesignSrcs" RelSrcDir="$PSRCDIR/sources_1" RelGenDir="$PGENDIR/sources_1">
    <Filter Type="Srcs"/>
    <File Path="$PSRCDIR/sources_1/bd/design_1/design_1.bd">
      <FileInfo>
        <Attr Name="ImportPath" Val="$PPRDIR/../DRC_Deliverable/DRC_Deliverable.srcs/sources_1/bd/design_1/design_1.bd"/>
        <Attr Name="ImportTime" Val="1730734510"/>
        <Attr Name="UsedIn" Val="synthesis"/>
        <Attr Name="UsedIn" Val="implementation"/>
        <Attr Name="UsedIn" Val="simulation"/>
      </FileInfo>
    </File>
    <File Path="$PGENDIR/sources_1/bd/design_1/hdl/design_1_wrapper.v">
      <FileInfo>
        <Attr Name="UsedIn" Val="synthesis"/>
        <Attr Name="UsedIn" Val="implementation"/>
        <Attr Name="UsedIn" Val="simulation"/>
      </FileInfo>
    </File>
    <Config>
      <Option Name="DesignMode" Val="RTL"/>
      <Option Name="TopModule" Val="design_1_wrapper"/>
      <Option Name="TopAutoSet" Val="TRUE"/>
    </Config>
  </FileSet>
  <FileSet Name="constrs_in" Type="Constrs" RelSrcDir="$PSRCDIR/constrs_1" RelGenDir="$PGENDIR/constrs_1">
    <Filter Type="Constrs"/>
    <File Path="$PSRCDIR/constrs_1/new/OSDZU3_HardwarePlatform_IO_Standards.xdc">
      <FileInfo>
        <Attr Name="ImportPath" Val="$PPRDIR/../DRC_Deliverable/DRC_Deliverable.srcs/constrs_1/new/OSDZU3_HardwarePlatform_IO_Standards.xdc"/>
        <Attr Name="ImportTime" Val="1730695189"/>
        <Attr Name="UsedIn" Val="synthesis"/>
        <Attr Name="UsedIn" Val="implementation"/>
      </FileInfo>
    </File>
    <File Path="$PSRCDIR/constrs_1/imports/new/osdzu3_helper.tcl">
      <FileInfo>
        <Attr Name="ImportPath" Val="$PPRDIR/../../OSDZU3EG/BigBendDeliverable/BogBendDeliverable/BogBendDeliverable.srcs/constrs_1/new/osdzu3_helper.tcl"/>
        <Attr Name="ImportTime" Val="1726190197"/>
        <Attr Name="UsedIn" Val="synthesis"/>
        <Attr Name="UsedIn" Val="implementation"/>
        <Attr Name="UsedIn" Val="simulation"/>
      </FileInfo>
    </File>
    <File Path="$PSRCDIR/constrs_1/imports/new/osdzu3_package_pins.tcl">
      <FileInfo>
        <Attr Name="ImportPath" Val="$PPRDIR/../../OSDZU3EG/BigBendDeliverable/BogBendDeliverable/BogBendDeliverable.srcs/constrs_1/new/osdzu3_package_pins.tcl"/>
        <Attr Name="ImportTime" Val="1726430254"/>
        <Attr Name="UsedIn" Val="synthesis"/>
        <Attr Name="UsedIn" Val="implementation"/>
        <Attr Name="UsedIn" Val="simulation"/>
      </FileInfo>
    </File>
    <Config>
      <Option Name="ConstrsType" Val="XDC"/>
    </Config>
  </FileSet>
  <FileSet Name="utils" Type="Utils" RelSrcDir="$PSRCDIR/utils_1" RelGenDir="$PGENDIR/utils_1">
    <Filter Type="Utils"/>
    <File Path="$PSRCDIR/utils_1/imports/synth_1/design_1_wrapper.dcp">
      <FileInfo>
        <Attr Name="UsedIn" Val="synthesis"/>
        <Attr Name="UsedIn" Val="implementation"/>
        <Attr Name="UsedInSteps" Val="synth_1"/>
        <Attr Name="AutoDcp" Val="1"/>
      </FileInfo>
    </File>
    <Config>
      <Option Name="TopAutoSet" Val="TRUE"/>
    </Config>
  </FileSet>
  <Strategy Version="1" Minor="2">
    <StratHandle Name="Vivado Implementation Defaults" Flow="Vivado Implementation 2023"/>
    <Step Id="init_design"/>
    <Step Id="opt_design"/>
    <Step Id="power_opt_design"/>
    <Step Id="place_design"/>
    <Step Id="post_place_power_opt_design"/>
    <Step Id="phys_opt_design"/>
    <Step Id="route_design"/>
    <Step Id="post_route_phys_opt_design"/>
    <Step Id="write_bitstream"/>
  </Strategy>
  <BlockFileSet Type="BlockSrcs" Name="design_1_util_vector_logic_0_0"/>
  <BlockFileSet Type="BlockSrcs" Name="design_1_util_ds_buf_0_0"/>
  <BlockFileSet Type="BlockSrcs" Name="design_1_xbar_0"/>
  <BlockFileSet Type="BlockSrcs" Name="design_1_util_ds_buf_0_1"/>
  <BlockFileSet Type="BlockSrcs" Name="design_1_zynq_ultra_ps_e_0_0"/>
  <BlockFileSet Type="BlockSrcs" Name="design_1_axi_gpio_0_0"/>
  <BlockFileSet Type="BlockSrcs" Name="design_1_proc_sys_reset_0_0"/>
  <BlockFileSet Type="BlockSrcs" Name="design_1_clk_wiz_0_0"/>
  <BlockFileSet Type="BlockSrcs" Name="design_1_util_ds_buf_10_0"/>
  <BlockFileSet Type="BlockSrcs" Name="design_1_axi_gpio_9_0"/>
  <BlockFileSet Type="BlockSrcs" Name="design_1_util_ds_buf_12_0"/>
  <BlockFileSet Type="BlockSrcs" Name="design_1_axi_gpio_10_0"/>
  <BlockFileSet Type="BlockSrcs" Name="design_1_util_ds_buf_14_0"/>
  <BlockFileSet Type="BlockSrcs" Name="design_1_util_ds_buf_14_1"/>
  <BlockFileSet Type="BlockSrcs" Name="design_1_axi_gpio_4_0"/>
  <BlockFileSet Type="BlockSrcs" Name="design_1_util_ds_buf_4_0"/>
  <BlockFileSet Type="BlockSrcs" Name="design_1_util_ds_buf_7_0"/>
  <BlockFileSet Type="BlockSrcs" Name="design_1_axi_quad_spi_0_0"/>
  <BlockFileSet Type="BlockSrcs" Name="design_1_axi_gpio_4_1"/>
  <BlockFileSet Type="BlockSrcs" Name="design_1_util_ds_buf_4_1"/>
  <BlockFileSet Type="BlockSrcs" Name="design_1_util_ds_buf_7_1"/>
  <BlockFileSet Type="BlockSrcs" Name="design_1_axi_quad_spi_0_1"/>
  <BlockFileSet Type="BlockSrcs" Name="design_1_axi_gpio_4_2"/>
  <BlockFileSet Type="BlockSrcs" Name="design_1_util_ds_buf_6_0"/>
  <BlockFileSet Type="BlockSrcs" Name="design_1_util_ds_buf_4_2"/>
  <BlockFileSet Type="BlockSrcs" Name="design_1_util_ds_buf_7_2"/>
  <BlockFileSet Type="BlockSrcs" Name="design_1_axi_iic_0_0"/>
  <BlockFileSet Type="BlockSrcs" Name="design_1_util_ds_buf_11_0"/>
  <BlockFileSet Type="BlockSrcs" Name="design_1_util_ds_buf_10_1"/>
  <BlockFileSet Type="BlockSrcs" Name="design_1_axi_gpio_0_1"/>
  <BlockFileSet Type="BlockSrcs" Name="design_1_axi_gpio_0_2"/>
  <BlockFileSet Type="BlockSrcs" Name="design_1_axi_gpio_8_0"/>
  <BlockFileSet Type="BlockSrcs" Name="design_1_auto_ds_0"/>
  <BlockFileSet Type="BlockSrcs" Name="design_1_auto_pc_0"/>
</GenRun>
