<?xml version="1.0" encoding="UTF-8"?>
<GenRun Id="synth_1" LaunchPart="xczu3eg-sfvc784-1-e" LaunchTime="1730736785" LaunchIncrCheckpoint="$PSRCDIR/utils_1/imports/synth_1/design_1_wrapper.dcp">
  <File Type="PA-TCL" Name="design_1_wrapper.tcl"/>
  <File Type="RDS-PROPCONSTRS" Name="design_1_wrapper_drc_synth.rpt"/>
  <File Type="REPORTS-TCL" Name="design_1_wrapper_reports.tcl"/>
  <File Type="RDS-RDS" Name="design_1_wrapper.vds"/>
  <File Type="RDS-UTIL" Name="design_1_wrapper_utilization_synth.rpt"/>
  <File Type="RDS-UTIL-PB" Name="design_1_wrapper_utilization_synth.pb"/>
  <File Type="RDS-DCP" Name="design_1_wrapper.dcp"/>
  <File Type="VDS-TIMINGSUMMARY" Name="design_1_wrapper_timing_summary_synth.rpt"/>
  <File Type="VDS-TIMING-PB" Name="design_1_wrapper_timing_summary_synth.pb"/>
  <FileSet Name="sources" Type="DesignSrcs" RelSrcDir="$PSRCDIR/sources_1" RelGenDir="$PGENDIR/sources_1">
    <Filter Type="Srcs"/>
    <File Path="$PSRCDIR/sources_1/bd/design_1/design_1.bd">
      <FileInfo>
        <Attr Name="ImportPath" Val="$PPRDIR/../DRC_Deliverable/DRC_Deliverable.srcs/sources_1/bd/design_1/design_1.bd"/>
        <Attr Name="ImportTime" Val="1730734510"/>
        <Attr Name="UsedIn" Val="synthesis"/>
        <Attr Name="UsedIn" Val="implementation"/>
        <Attr Name="UsedIn" Val="simulation"/>
      </FileInfo>
    </File>
    <File Path="$PGENDIR/sources_1/bd/design_1/hdl/design_1_wrapper.v">
      <FileInfo>
        <Attr Name="UsedIn" Val="synthesis"/>
        <Attr Name="UsedIn" Val="implementation"/>
        <Attr Name="UsedIn" Val="simulation"/>
      </FileInfo>
    </File>
    <Config>
      <Option Name="DesignMode" Val="RTL"/>
      <Option Name="TopModule" Val="design_1_wrapper"/>
      <Option Name="TopAutoSet" Val="TRUE"/>
    </Config>
  </FileSet>
  <FileSet Name="constrs_in" Type="Constrs" RelSrcDir="$PSRCDIR/constrs_1" RelGenDir="$PGENDIR/constrs_1">
    <Filter Type="Constrs"/>
    <File Path="$PSRCDIR/constrs_1/new/OSDZU3_HardwarePlatform_IO_Standards.xdc">
      <FileInfo>
        <Attr Name="ImportPath" Val="$PPRDIR/../DRC_Deliverable/DRC_Deliverable.srcs/constrs_1/new/OSDZU3_HardwarePlatform_IO_Standards.xdc"/>
        <Attr Name="ImportTime" Val="1730695189"/>
        <Attr Name="UsedIn" Val="synthesis"/>
        <Attr Name="UsedIn" Val="implementation"/>
      </FileInfo>
    </File>
    <File Path="$PSRCDIR/constrs_1/imports/new/osdzu3_helper.tcl">
      <FileInfo>
        <Attr Name="ImportPath" Val="$PPRDIR/../../OSDZU3EG/BigBendDeliverable/BogBendDeliverable/BogBendDeliverable.srcs/constrs_1/new/osdzu3_helper.tcl"/>
        <Attr Name="ImportTime" Val="1726190197"/>
        <Attr Name="UsedIn" Val="synthesis"/>
        <Attr Name="UsedIn" Val="implementation"/>
        <Attr Name="UsedIn" Val="simulation"/>
      </FileInfo>
    </File>
    <File Path="$PSRCDIR/constrs_1/imports/new/osdzu3_package_pins.tcl">
      <FileInfo>
        <Attr Name="ImportPath" Val="$PPRDIR/../../OSDZU3EG/BigBendDeliverable/BogBendDeliverable/BogBendDeliverable.srcs/constrs_1/new/osdzu3_package_pins.tcl"/>
        <Attr Name="ImportTime" Val="1726430254"/>
        <Attr Name="UsedIn" Val="synthesis"/>
        <Attr Name="UsedIn" Val="implementation"/>
        <Attr Name="UsedIn" Val="simulation"/>
      </FileInfo>
    </File>
    <Config>
      <Option Name="ConstrsType" Val="XDC"/>
    </Config>
  </FileSet>
  <FileSet Name="utils" Type="Utils" RelSrcDir="$PSRCDIR/utils_1" RelGenDir="$PGENDIR/utils_1">
    <Filter Type="Utils"/>
    <File Path="$PSRCDIR/utils_1/imports/synth_1/design_1_wrapper.dcp">
      <FileInfo>
        <Attr Name="UsedIn" Val="synthesis"/>
        <Attr Name="UsedIn" Val="implementation"/>
        <Attr Name="UsedInSteps" Val="synth_1"/>
        <Attr Name="AutoDcp" Val="1"/>
      </FileInfo>
    </File>
    <Config>
      <Option Name="TopAutoSet" Val="TRUE"/>
    </Config>
  </FileSet>
  <Strategy Version="1" Minor="2">
    <StratHandle Name="Vivado Synthesis Defaults" Flow="Vivado Synthesis 2023"/>
    <Step Id="synth_design"/>
  </Strategy>
  <BlockFileSet Type="BlockSrcs" Name="design_1_util_vector_logic_0_0"/>
  <BlockFileSet Type="BlockSrcs" Name="design_1_util_ds_buf_0_0"/>
  <BlockFileSet Type="BlockSrcs" Name="design_1_xbar_0"/>
  <BlockFileSet Type="BlockSrcs" Name="design_1_util_ds_buf_0_1"/>
  <BlockFileSet Type="BlockSrcs" Name="design_1_zynq_ultra_ps_e_0_0"/>
  <BlockFileSet Type="BlockSrcs" Name="design_1_axi_gpio_0_0"/>
  <BlockFileSet Type="BlockSrcs" Name="design_1_proc_sys_reset_0_0"/>
  <BlockFileSet Type="BlockSrcs" Name="design_1_clk_wiz_0_0"/>
  <BlockFileSet Type="BlockSrcs" Name="design_1_util_ds_buf_10_0"/>
  <BlockFileSet Type="BlockSrcs" Name="design_1_axi_gpio_9_0"/>
  <BlockFileSet Type="BlockSrcs" Name="design_1_util_ds_buf_12_0"/>
  <BlockFileSet Type="BlockSrcs" Name="design_1_axi_gpio_10_0"/>
  <BlockFileSet Type="BlockSrcs" Name="design_1_util_ds_buf_14_0"/>
  <BlockFileSet Type="BlockSrcs" Name="design_1_util_ds_buf_14_1"/>
  <BlockFileSet Type="BlockSrcs" Name="design_1_axi_gpio_4_0"/>
  <BlockFileSet Type="BlockSrcs" Name="design_1_util_ds_buf_4_0"/>
  <BlockFileSet Type="BlockSrcs" Name="design_1_util_ds_buf_7_0"/>
  <BlockFileSet Type="BlockSrcs" Name="design_1_axi_quad_spi_0_0"/>
  <BlockFileSet Type="BlockSrcs" Name="design_1_axi_gpio_4_1"/>
  <BlockFileSet Type="BlockSrcs" Name="design_1_util_ds_buf_4_1"/>
  <BlockFileSet Type="BlockSrcs" Name="design_1_util_ds_buf_7_1"/>
  <BlockFileSet Type="BlockSrcs" Name="design_1_axi_quad_spi_0_1"/>
  <BlockFileSet Type="BlockSrcs" Name="design_1_axi_gpio_4_2"/>
  <BlockFileSet Type="BlockSrcs" Name="design_1_util_ds_buf_6_0"/>
  <BlockFileSet Type="BlockSrcs" Name="design_1_util_ds_buf_4_2"/>
  <BlockFileSet Type="BlockSrcs" Name="design_1_util_ds_buf_7_2"/>
  <BlockFileSet Type="BlockSrcs" Name="design_1_axi_iic_0_0"/>
  <BlockFileSet Type="BlockSrcs" Name="design_1_util_ds_buf_11_0"/>
  <BlockFileSet Type="BlockSrcs" Name="design_1_util_ds_buf_10_1"/>
  <BlockFileSet Type="BlockSrcs" Name="design_1_axi_gpio_0_1"/>
  <BlockFileSet Type="BlockSrcs" Name="design_1_axi_gpio_0_2"/>
  <BlockFileSet Type="BlockSrcs" Name="design_1_axi_gpio_8_0"/>
  <BlockFileSet Type="BlockSrcs" Name="design_1_auto_ds_0"/>
  <BlockFileSet Type="BlockSrcs" Name="design_1_auto_pc_0"/>
</GenRun>
